Index,Value_1,Value_2,Value_3
0.0,0.0,0.0,0.0
1.72861e-07,9.8459267,25.337474,13.730689
3.45722e-07,18.16096,56.574504,26.10637
5.18583e-07,21.350243,64.909117,32.313051
6.91444e-07,22.890972,69.076932,34.706578
8.64305e-07,28.634175,84.054479,47.07953
1.037166e-06,32.814701,89.799389,49.930855
1.210027e-06,34.761724,96.622498,55.864722
1.382888e-06,37.124046,107.66839,65.512763
1.555749e-06,40.92891,114.83059,71.648641
1.72861e-06,43.311672,118.68219,75.24989999999998
1.901471e-06,45.056477,113.21942,75.269695
2.074332e-06,44.061897,108.36796,77.908277
2.247193e-06,57.593449,129.42543,97.535947
2.420054e-06,64.797314,144.38479,115.76172
2.592915e-06,71.954671,158.98531,124.84681
2.765776e-06,81.412605,169.82655,135.5069
2.938637e-06,79.979314,164.19188,138.91849
3.111498e-06,81.947595,168.56024,144.51542
3.284359e-06,80.64914799999998,163.88416,133.20178
3.45722e-06,82.875259,162.06301,136.65456
3.630081e-06,85.33773499999998,166.94568,141.14579
3.802942e-06,86.976678,170.68504,144.5554
3.975803e-06,106.77478,199.21465,197.68146
4.148664e-06,110.75794,203.3586,204.25729
4.321525e-06,109.86323,205.64181,204.01402
4.494386e-06,111.43268,196.23374,205.26481
4.667247e-06,118.85189,212.59026,227.98082
4.840108e-06,117.53206,205.31058,243.11143
5.012969e-06,124.17414,208.1894,249.01689
5.18583e-06,128.36581,210.97112,254.32771
5.358691e-06,133.88276,220.25465,265.12845
5.531552e-06,138.05061,225.73378,274.59695
5.704413e-06,140.81405,230.92369,280.83062
5.877274e-06,136.82438,229.33835,263.87582
6.050135e-06,142.63004,236.43214,274.06568
6.222996e-06,147.82173,239.22839,283.47429
6.395857e-06,138.08481,235.41279,271.68742
6.568718e-06,141.07573,224.95276,229.56406
6.741579e-06,119.44008,275.11649,256.05508
6.91444e-06,86.765186,266.27422,225.16238
7.087301e-06,106.05185,253.31563,245.47966
7.260162e-06,88.504559,246.61509,237.61532
7.4068671432e-06,90.061334,247.55279,239.31107
7.5797281432e-06,149.27544,251.94212,282.85723
7.7525891432e-06,149.38668,251.63524,292.4679
7.9254501432e-06,143.74607,256.5624,296.38919
8.0983111432e-06,149.42663,263.3889,309.25395
8.2711721432e-06,148.31111,269.4184,311.11119
8.4440331432e-06,149.98042,269.96872,300.12847
8.6168941432e-06,153.39867,275.96101,310.19171
8.7897551432e-06,144.34156,277.3142,300.08931
8.9626161432e-06,145.63104,274.82911,298.78401
9.1354771432e-06,135.22817,264.08455,244.15228
9.3083381432e-06,139.17033,276.46734,275.88148
9.4811991432e-06,143.00502,279.2257,284.03889
9.6540601432e-06,135.82633,280.71161,279.07089
9.8269211432e-06,137.81761,295.36474,284.07234
9.9997821432e-06,150.07736,294.81901,312.29887
1.01726431432e-05,151.18434,294.77162,317.92947
1.03455041432e-05,154.94443,301.7508,327.69688
1.05183651432e-05,158.67463,300.03236,314.2371
1.06912261432e-05,158.67541,309.26917,341.57461
1.08640871432e-05,143.9752,303.44175,314.9536
1.10369481432e-05,151.82843,308.05151,330.50328
1.12098091432e-05,148.30376,311.56168,318.71158
1.13826701432e-05,143.77779,314.0493,319.01794
1.15555311432e-05,141.56256,310.78969,316.8732
1.17283921432e-05,136.60363,312.85023,315.42785
1.19012531432e-05,125.98274,298.43144,320.16558
1.20741141432e-05,132.59584,308.89008,331.30053
1.22469751432e-05,136.09354,321.04687,317.45281
1.24198361432e-05,136.86834,325.44561,303.32561
1.25926971432e-05,141.82176,326.42398,314.90836
1.27655581432e-05,145.90803,333.44293,324.51568
1.29384191432e-05,150.13753,320.19066,313.00282
1.31112801432e-05,143.25304,321.20834,316.145
1.32841411432e-05,153.45523,324.00576,326.887
1.34570021432e-05,156.20658,327.82079,334.01769
1.36298631432e-05,160.13165,335.56148,347.2352
1.38027241432e-05,144.2164,325.97613,329.23904
1.39755851432e-05,133.83411,328.28559,322.43972
1.41484461432e-05,137.92043,327.52422,328.81403
1.43213071432e-05,137.52559,332.87397,324.48885
1.44941681432e-05,148.40597,321.36429,306.37179
1.46670291432e-05,157.09872,333.56322,333.00247
1.48398901432e-05,160.05574,335.74758,343.1411
1.50127511432e-05,163.98809,338.50284,353.51388
1.51856121432e-05,165.72854,342.8841,362.21734
1.53584731432e-05,166.78816,347.41359,349.30066
1.55313341432e-05,167.62734,345.54553,339.4392
1.57041951432e-05,156.50457,345.2406,319.60065
1.58770561432e-05,164.48664,343.53747,337.04598
1.60499171432e-05,139.3207,333.64937,293.25553
1.62227781432e-05,149.59498,333.59596,313.40028
1.63956391432e-05,152.89547,337.39829,325.90971
1.65685001432e-05,154.03645,332.83389,341.20182
1.67413611432e-05,143.231,337.98436,340.75286
1.69142221432e-05,147.19547,333.8792,335.18186
1.70870831432e-05,148.40005,324.40064,334.07207
1.72599441432e-05,152.26204,325.52905,333.34328
1.74328051432e-05,154.9426,324.59553,341.75419
1.76056661432e-05,158.37211,328.8829,348.93887
1.77785271432e-05,164.90742,333.36449,356.08768
1.79513881432e-05,168.92133,330.08997,363.57657
1.81242491432e-05,172.76054,333.26347,370.37253
1.82971101432e-05,151.87726,345.1759,331.47875
1.84699711432e-05,154.19188,335.01173,357.67958
1.86428321432e-05,159.42064,341.16812,369.46243
1.88156931432e-05,159.31924,344.48696,376.45197
1.89885541432e-05,156.85489,346.24672,379.22191
1.91614151432e-05,161.57386,350.55099,388.81025
1.93342761432e-05,165.93715,350.21618,395.00048
1.95071371432e-05,150.69621,347.25022,372.15173
1.96799981432e-05,146.16563,354.87141,350.04429
1.98528591432e-05,156.42562,357.3638,347.4552
2.00257201432e-05,144.34463,354.69978,333.18225
2.01985811432e-05,136.7125,352.67824,333.81716
2.03714421432e-05,137.36383,349.95526,323.72115
2.05443031432e-05,132.59909,347.17298,309.82295
2.07171641432e-05,139.16199,347.60794,326.16354
2.08900251432e-05,138.73782,350.37363,323.96285
2.10628861432e-05,130.38109,344.66572,329.97631
2.12357471432e-05,134.36185,348.11093,340.80628
2.14086081432e-05,139.24946,346.66521,330.75886
2.15814691432e-05,135.83867,348.98076,326.63801
2.17543301432e-05,137.68393,345.99306,334.7802
2.19271911432e-05,141.48634,340.27124,341.94697
2.21000521432e-05,138.1387,337.14995,328.82344
2.22729131432e-05,140.6707,342.07074,335.7357
2.24457741432e-05,144.77944,346.16809,321.92956
2.26186351432e-05,138.20912,332.15681,308.12348
2.27914961432e-05,145.68794,357.74817,368.08046
2.29643571432e-05,157.05463,356.82979,386.32899
2.31372181432e-05,161.13322,361.39403,395.29731
2.33100791432e-05,163.66112,358.72838,386.93217
2.34829401432e-05,164.40013,360.64146,395.53664
2.36558011432e-05,165.68153,359.62687,400.43444
2.38286621432e-05,154.75293,357.92537,384.26712
2.40015231432e-05,147.49427,355.79583,385.55109
2.41743841432e-05,155.67002,360.74842,397.63541
2.43472451432e-05,160.67397,361.74722,381.76756
2.45201061432e-05,136.0511,357.82617,319.71727
2.46929671432e-05,150.42621,355.98849,341.94967
2.48658281432e-05,151.4506,359.5939,343.74036
2.50386891432e-05,146.16998,353.6441,324.76549
2.52115501432e-05,122.86501,350.33473,280.00276
2.53844111432e-05,135.38018,343.84951,303.17594
2.55572721432e-05,135.02786,343.49977,307.32284
2.57301331432e-05,140.34554,342.98726,316.52122
2.59029941432e-05,143.66631,345.42133,322.46606
2.60758551432e-05,139.63828,342.97419,310.07001
2.62487161432e-05,144.04787,342.79613,297.42668
2.64215771432e-05,136.05226,337.26136,309.20924
2.65944381432e-05,144.41742,343.36504,323.1842
2.67672991432e-05,142.17214,343.80798,310.09789
2.69401601432e-05,127.05659,342.60619,303.71284
2.71130211432e-05,137.54057,341.05111,311.58256
2.72858821432e-05,141.95663,347.66262,323.36296
2.74587431432e-05,143.66977,350.38546,303.95838
2.76316041432e-05,144.64243,340.80204,302.07902
2.78044651432e-05,132.60246,337.50762,282.44808
2.79773261432e-05,165.4485,354.8341,328.74818
2.81501871432e-05,141.45657,346.8828,313.80659
2.83230481432e-05,151.02146,341.57474,325.90108
2.84959091432e-05,154.78163,347.56052,332.81757
2.86687701432e-05,157.45167,350.38489,337.96303
2.88416311432e-05,161.3966,353.87008,344.67203
2.90144921432e-05,165.69717,358.0343,356.82874
2.91873531432e-05,167.79556,362.42236,368.67842
2.93602141432e-05,153.30355,360.31523,336.97696
2.95330751432e-05,156.5099,350.55986,333.61141
2.97059361432e-05,157.54983,357.5602,340.07782
2.98787971432e-05,148.33331,357.72566,320.92506
3.00516581432e-05,135.30761,351.50902,308.98216
3.02245191432e-05,124.58936,341.24994,305.80493
3.03973801432e-05,132.15221,336.8165,319.08601
3.05702411432e-05,131.62892,332.91965,321.76083
3.07431021432e-05,133.61704,332.97221,328.94498
3.09159631432e-05,139.72142,329.36469,331.20189
3.10888241432e-05,142.78745,335.82998,344.53845
3.12616851432e-05,143.82854,338.65278,331.08993
3.14345461432e-05,147.13913,341.49401,341.85049
3.16074071432e-05,150.76946,343.06446,353.01007
3.17802681432e-05,127.15698,338.01573,311.95121
3.19531291432e-05,137.314,346.30513,301.51772
3.21259901432e-05,119.67504,338.0384,281.23438
3.22988511432e-05,125.63353,331.53061,302.18123
3.24717121432e-05,130.20449,334.90402,311.3377
3.26445731432e-05,126.47365,333.62397,312.0931
3.28174341432e-05,130.72849,338.19929,319.64288
3.29902951432e-05,133.15623,340.52085,321.34246
3.31631561432e-05,138.17433,345.8922,331.05378
3.33360171432e-05,139.92804,349.34649,338.38564
3.35088781432e-05,145.50298,349.82622,349.01184
3.36817391432e-05,135.13175,337.99871,305.11773
3.38546001432e-05,144.52924,334.46575,313.55088
3.40274611432e-05,150.5833,340.18713,323.6728
3.42003221432e-05,151.3674,341.55619,327.24095
3.43731831432e-05,141.96496,335.63839,310.12311
3.45460441432e-05,121.70369,326.5652,292.30633
3.47189051432e-05,117.08736,325.69308,291.30033
3.48917661432e-05,123.13505,322.56066,281.57902
3.50646271432e-05,129.08149,319.17522,303.86855
3.52374881432e-05,114.59367,313.95473,263.91126
3.54103491432e-05,124.33138,319.03477,278.57695
3.55832101432e-05,136.02415,339.73648,322.18518
3.57560711432e-05,139.56322,336.57786,323.76956
3.59289321432e-05,140.80568,342.75248,334.24186
3.61017931432e-05,143.92377,342.30371,339.3753
3.62746541432e-05,145.70251,337.16589,356.68872
3.64475151432e-05,148.62234,344.48471,367.42641
3.66203761432e-05,140.96955,344.71203,360.9029
3.67932371432e-05,149.10434,346.89392,375.34007
3.69660981432e-05,128.30743,337.45083,324.24754
3.71389591432e-05,121.56998,334.82024,325.58503
3.73118201432e-05,102.41505,319.15623,312.73891
3.74846811432e-05,104.20465,314.7946,305.96919
3.76575421432e-05,104.34192,312.68283,311.07114
3.78304031432e-05,103.12595,312.11034,298.5369
3.80032641432e-05,101.42384,312.5963,295.59245
3.81761251432e-05,105.83323,313.67411,299.94739
3.83489861432e-05,108.43862,319.23005,306.86673
3.85218471432e-05,114.52415,317.84494,311.47639
3.86947081432e-05,102.09804,315.02881,292.79432
3.88675691432e-05,107.34038,319.2606,305.1039
3.90404301432e-05,112.19066,312.33653,269.72205
3.92132911432e-05,139.62032,343.10415,342.76718
3.93861521432e-05,150.62318,340.42666,369.49586
3.95590131432e-05,151.61294,340.89358,362.29788
3.97318741432e-05,152.08794,339.9936,367.77058
3.99047351432e-05,154.06725,326.94549,329.21328
4.00775961432e-05,142.60277,324.82894,336.0312
4.02504571432e-05,149.87987,329.29433,350.01766
4.04233181432e-05,133.537,327.06886,330.78798
4.05961791432e-05,133.46992,320.68287,327.60308
4.07690401432e-05,126.73042,320.9449,313.62969
4.09419011432e-05,119.71449,318.96423,313.07676
4.11147621432e-05,120.38614,316.81049,277.50144
4.12876231432e-05,125.01987,320.65007,279.20916
4.14604841432e-05,121.07063,317.54782,269.26982
4.16333451432e-05,151.28398,332.48536,358.17173
4.18062061432e-05,159.28849,335.56044,376.72704
4.19790671432e-05,155.71548,338.08401,369.22124
4.21519281432e-05,163.14881,344.06991,380.88473
4.23247891432e-05,142.77811,340.74665,361.89783
4.24976501432e-05,141.18043,336.80956,342.34543
4.26705111432e-05,129.66025,340.90305,370.91628
4.28433721432e-05,136.75912,335.76344,381.21793
4.30162331432e-05,139.36106,334.41627,384.38619
4.31890941432e-05,143.50474,334.64935,356.96535
4.33619551432e-05,145.54617,342.7111,371.68119
4.35348161432e-05,139.59693,343.52191,345.75691
4.37076771432e-05,138.06289,342.23975,348.38059
4.38805381432e-05,133.77351,338.14859,376.96172
4.40533991432e-05,148.91862,324.78673,338.52197
4.42262601432e-05,154.98199,322.93128,352.9976
4.43991211432e-05,140.45091,318.57651,349.70743
4.45719821432e-05,147.89361,324.04058,359.70872
4.47448431432e-05,151.948,325.61412,369.78175
4.49177041432e-05,155.97233,327.03821,369.98156
4.50905651432e-05,160.81514,332.56879,375.84468
4.52634261432e-05,156.73184,329.18969,338.0088
4.54362871432e-05,160.5463,331.83116,347.68692
4.56091481432e-05,165.67851,336.61764,357.48156
4.57820091432e-05,169.96454,339.62199,366.55372
4.59548701432e-05,140.32295,332.04021,322.26381
4.61277311432e-05,142.01257,320.50673,277.63768
4.63005921432e-05,140.07184,321.24346,279.01041
4.64734531432e-05,121.71262,307.24811,276.36395
4.66463141432e-05,125.53076,345.21695,321.74402
4.68191751432e-05,132.12498,342.85299,335.45521
4.69920361432e-05,136.39669,325.96287,307.20721
4.71648971432e-05,127.52709,318.91395,282.71035
4.73377581432e-05,144.1378,323.23567,335.84252
4.75106191432e-05,129.89656,323.02606,293.15742
4.76834801432e-05,137.76386,321.72254,314.62338
4.78563411432e-05,142.05737,333.28188,319.91804
4.80292021432e-05,145.0864,336.01867,325.23502
4.82020631432e-05,120.24006,331.76903,306.98772
4.83749241432e-05,128.11807,333.03427,330.2958
4.85477851432e-05,124.22041,330.94549,333.54928
4.87206461432e-05,131.89283,336.8747,335.65634
4.88935071432e-05,132.75194,339.79854,336.51276
4.90663681432e-05,123.94994,337.35782,338.06886
4.92392291432e-05,133.53305,340.60335,345.55682
4.94120901432e-05,116.92672,331.04019,315.28531
4.95849511432e-05,128.78254,337.93592,331.74025
4.97578121432e-05,130.09139,338.12102,317.10271
4.99306731432e-05,131.20985,328.68858,304.83869
5.01035341432e-05,130.68377,332.22444,305.40319
5.02763951432e-05,119.07445,323.1822,282.89073
5.04492561432e-05,104.53497,314.49341,262.35902
5.06221171432e-05,109.52178,310.09072,266.11904
5.07949781432e-05,111.69462,311.15703,270.51194
5.09678391432e-05,114.09063,306.41627,270.66443
5.11407001432e-05,119.0609,308.95756,279.24241
5.13135611432e-05,106.37633,306.60982,261.40982
5.14864221432e-05,105.31303,302.4193,247.33573
5.16592831432e-05,105.39647,303.16235,246.76128
5.18321441432e-05,159.76751,353.87884,385.26677
5.20050051432e-05,161.57027,343.52689,403.33205
5.21778661432e-05,167.10791,342.47998,393.67989
5.23507271432e-05,172.05585,342.58045,388.34979
5.25235881432e-05,157.52075,340.59701,368.16327
5.26964491432e-05,143.78325,342.1299,329.17954
5.28693101432e-05,157.79037,338.96741,364.36533
5.30421711432e-05,156.05092,341.46261,361.27396
5.32150321432e-05,149.0121,329.19441,354.97787
5.33878931432e-05,143.97855,331.43813,345.53253
5.35607541432e-05,150.37458,333.10096,361.59117
5.37336151432e-05,140.14487,331.56066,345.47236
5.39064761432e-05,131.74703,321.51397,300.49446
5.40793371432e-05,136.37624,325.69119,316.10238
5.42521981432e-05,141.88462,353.46898,341.50617
5.44250591432e-05,157.16495,347.42073,369.53848
5.45979201432e-05,156.47372,344.76309,382.29968
5.47707811432e-05,146.26015,340.20054,363.12436
5.49436421432e-05,145.49259,333.99616,359.3658
5.51165031432e-05,152.6486,335.94105,359.05317
5.52893641432e-05,157.35256,347.25138,377.37675
5.54622251432e-05,160.07857,349.47352,364.2991
5.56350861432e-05,141.58462,336.50399,337.92673
5.58079471432e-05,151.48466,337.16382,348.74264
5.59808081432e-05,154.06944,344.0633,360.74268
5.61536691432e-05,150.4295,341.13721,325.12972
5.63265301432e-05,154.35615,339.86276,339.08095
5.64993911432e-05,158.08142,338.99299,355.88865
5.66722521432e-05,124.74302,339.57823,305.59241
5.68451131432e-05,142.28347,335.97267,343.7067
5.70179741432e-05,145.76653,342.19996,354.70572
5.71908351432e-05,139.53706,330.52285,315.00032
5.73636961432e-05,129.98126,330.67941,312.09774
5.75365571432e-05,125.41546,343.62031,365.58579
5.77094181432e-05,129.32786,345.01335,362.40407
5.78822791432e-05,132.32908,350.96526,370.34425
5.80551401432e-05,137.96018,353.61128,381.69035
5.82280011432e-05,129.30081,354.84178,371.2751
5.84008621432e-05,136.31098,335.9066,307.12566
5.85737231432e-05,134.36269,336.80379,302.22072
5.87465841432e-05,134.56822,335.53376,320.22608
5.89194451432e-05,116.31273,335.76437,301.25517
5.90923061432e-05,122.29727,341.71259,312.91314
5.92651671432e-05,121.62567,328.65728,289.1828
5.94380281432e-05,123.17742,331.97902,302.47865
5.96108891432e-05,124.81262,332.25958,308.9932
5.97837501432e-05,146.63693,335.1912,360.46397
5.99566111432e-05,159.04049,336.66096,388.33377
6.01294721432e-05,154.60638,338.84493,390.41556
6.03023331432e-05,157.67955,328.79375,341.84571
6.04751941432e-05,163.04738,335.17654,382.12004
6.06480551432e-05,170.87642,334.04285,364.25761
6.08209161432e-05,174.67285,338.95966,383.24481
6.09937771432e-05,168.00699,338.67484,370.86431
6.11666381432e-05,150.48625,328.12786,333.80503
6.13394991432e-05,139.82318,325.2255,312.98656
6.15123601432e-05,140.08965,321.95793,290.26934
6.16852211432e-05,129.63918,315.0449,283.40502
6.18580821432e-05,130.73073,314.92921,292.57997
6.20309431432e-05,122.97898,314.19243,266.57655
6.22038041432e-05,123.67061,317.56871,279.4161
6.23766651432e-05,140.3175,334.60572,360.05029
6.25495261432e-05,145.49387,334.88184,368.01583
6.27223871432e-05,148.34167,342.22588,375.3441
6.28952481432e-05,151.69162,339.21495,362.17226
6.30681091432e-05,153.8993,345.40048,370.80287
6.32409701432e-05,157.64379,344.25603,383.98786
6.34138311432e-05,163.0931,349.26074,384.82965
6.35866921432e-05,152.77423,347.83241,353.1809
6.37595531432e-05,163.25059,349.5658,347.40916
6.39324141432e-05,154.43557,348.74153,325.83624
6.41052751432e-05,148.54155,348.8829,328.46369
6.42781361432e-05,148.72781,348.3367,333.51481
6.44509971432e-05,135.29714,343.95485,326.85923
6.46238581432e-05,120.57109,342.32111,296.72736
6.47967191432e-05,125.39367,328.86771,299.29944
6.49695801432e-05,130.56901,335.94097,311.76608
6.51424411432e-05,128.00713,334.43298,299.64481
6.53153021432e-05,148.74655,348.79974,360.48007
6.54881631432e-05,150.69775,351.25825,403.59852
6.56610241432e-05,156.40365,354.86151,414.69069
6.58338851432e-05,159.99949,352.60163,403.94659
6.60067461432e-05,152.71998,356.90508,400.74268
6.61796071432e-05,158.11791,344.65158,358.94694
6.63524681432e-05,165.53718,349.19329,382.00336
6.65253291432e-05,166.64516,344.69484,380.24361
6.66981901432e-05,161.67874,349.5008,373.40023
6.68710511432e-05,123.54339,332.19428,330.85747
6.70439121432e-05,137.98588,335.3431,306.35891
6.72167731432e-05,150.08182,336.0547,332.15525
6.73896341432e-05,151.07153,340.59986,336.623
6.75624951432e-05,153.97915,336.58072,342.71214
6.77353561432e-05,156.30649,342.00001,337.17673
6.79082171432e-05,161.37351,347.22664,354.30219
6.80810781432e-05,164.25502,352.33461,363.35617
6.82539391432e-05,145.88503,342.13646,325.31455
6.84268001432e-05,157.38355,334.57441,360.87376
6.85996611432e-05,160.29163,337.59364,365.99362
6.87725221432e-05,154.1063,335.38948,359.82231
6.89453831432e-05,133.1014,316.19422,280.65268
6.91182441432e-05,143.62159,319.04765,305.88911
6.92911051432e-05,146.86836,327.61379,313.57544
6.94639661432e-05,149.7823,328.43619,323.36065
6.96368271432e-05,139.44785,318.82286,303.33733
6.98096881432e-05,147.16318,322.8519,325.4194
6.99825491432e-05,142.85891,325.76004,315.58059
7.01554101432e-05,150.47199,325.24646,331.92844
7.03282711432e-05,152.43559,334.62587,356.76276
7.05011321432e-05,156.55276,334.7203,341.98881
7.06739931432e-05,159.8657,339.31808,354.32355
7.08468541432e-05,159.45883,340.20549,322.79776
7.10197151432e-05,150.84772,333.35668,296.8642
7.11925761432e-05,139.25468,330.89904,293.4373
7.13654371432e-05,145.65467,336.47062,304.84472
7.15382981432e-05,131.11273,335.08121,303.3096
7.17111591432e-05,144.40027,327.9573,324.99383
7.18840201432e-05,150.15582,330.46303,333.36194
7.20568811432e-05,152.24843,330.55109,341.93897
7.22297421432e-05,159.02333,327.5648,345.70205
7.24026031432e-05,155.75521,327.93224,349.04821
7.25754641432e-05,163.7252,333.64889,365.56502
7.27483251432e-05,161.4691,338.94753,368.99993
7.29211861432e-05,152.92352,336.77386,340.5141
7.30940471432e-05,158.48445,328.28718,339.37001
7.32669081432e-05,159.64372,335.9041,336.96907
7.34397691432e-05,165.34743,333.85125,348.13802
7.36126301432e-05,143.35439,329.79583,305.0673
7.37854911432e-05,132.93669,330.1296,302.87688
7.39583521432e-05,137.3646,327.56355,288.86104
7.41312131432e-05,118.9391,320.96098,277.6068
7.43040741432e-05,127.7923,325.68251,274.77047
7.44769351432e-05,129.22479,334.20004,286.42287
7.46497961432e-05,162.00012,345.70785,350.01404
7.48226571432e-05,159.81018,353.87315,477.60575
7.49955181432e-05,162.21998,354.62849,473.38134
7.51683791432e-05,172.49658,344.85379,364.88245
7.53412401432e-05,166.66937,346.2199,357.59631
7.55141011432e-05,157.02792,336.21834,303.00109
7.56869621432e-05,148.50128,341.51366,332.16022
7.58598231432e-05,139.98026,334.23504,328.73576
7.60326841432e-05,142.74396,339.47617,336.64245
7.62055451432e-05,146.72674,328.12344,321.84747
7.63784061432e-05,130.09628,343.82309,303.68807
7.65512671432e-05,141.11162,337.00682,319.96163
7.67241281432e-05,146.5124,340.20442,325.04633
7.68969891432e-05,146.31854,344.51503,326.56547
7.70698501432e-05,147.53793,344.13834,322.11262
7.72427111432e-05,151.88446,347.01644,332.30282
7.74155721432e-05,156.91952,351.8888,340.4845
7.75884331432e-05,162.46742,357.05245,349.45404
7.77612941432e-05,153.28886,357.63635,346.20282
7.79341551432e-05,158.74216,350.20256,356.9913
7.81070161432e-05,153.13045,348.67505,322.15873
7.82798771432e-05,132.98317,327.0767,253.76712
7.84527381432e-05,135.01026,339.86791,290.06357
7.86255991432e-05,116.72725,328.36276,243.41106
7.87984601432e-05,123.91437,332.2231,255.81992
7.89713211432e-05,127.05589,332.57003,261.00367
7.91441821432e-05,125.26575,329.46982,276.70927
7.93170431432e-05,118.19762,324.52429,261.34287
7.94899041432e-05,125.3299,331.86984,276.16544
7.96627651432e-05,124.74424,318.03283,283.39316
7.98356261432e-05,160.02901,367.51784,325.91248
8.00084871432e-05,174.32335,371.41049,350.85383
8.01813481432e-05,177.62173,376.59836,359.16485
8.03542091432e-05,180.08261,378.08339,355.17883
8.05270701432e-05,155.50742,370.95254,318.41553
8.06999311432e-05,164.52467,368.95346,331.56154
8.08727921432e-05,159.35645,371.31769,321.03216
8.10456531432e-05,158.85517,371.42131,319.08866
8.12185141432e-05,159.969,374.51943,323.62496
8.13913751432e-05,148.53314,365.53028,313.89963
8.15642361432e-05,128.85713,356.46071,278.41719
8.17370971432e-05,136.36288,355.20271,290.94902
8.19099581432e-05,142.62208,358.15685,296.91383
8.20828191432e-05,135.11945,356.10903,286.27568
8.22556801432e-05,139.41348,361.76551,294.98597
8.24285411432e-05,132.30635,381.54238,357.83118
8.26014021432e-05,148.54891,368.82521,341.97641
8.27742631432e-05,156.14865,359.32437,365.72744
8.29471241432e-05,156.36877,355.02412,360.69936
8.31199851432e-05,148.60224,353.45415,338.91108
8.32928461432e-05,151.82745,352.58021,350.47045
8.34657071432e-05,145.16692,353.45085,344.92726
8.36385681432e-05,148.43065,350.69481,326.09759
8.38114291432e-05,142.80044,337.17539,305.75914
8.39842901432e-05,133.25903,331.17147,303.3047
8.41571511432e-05,130.28721,334.30844,307.91647
8.43300121432e-05,133.74551,333.68843,314.66672
8.45028731432e-05,123.60583,326.08867,290.94325
8.46757341432e-05,133.1734,331.48801,305.17156
8.48485951432e-05,135.83424,336.81424,312.95995
8.50214561432e-05,118.07667,334.32113,284.24915
8.51943171432e-05,125.36879,343.06955,300.71361
8.53671781432e-05,125.95475,349.12512,307.94306
8.55400391432e-05,108.47833,333.56834,283.17141
8.57129001432e-05,115.76629,334.09424,295.1021
8.58857611432e-05,115.14281,330.36271,296.23674
8.60586221432e-05,98.475604,323.20152,273.41612
8.62314831432e-05,148.86639,353.2979,299.88552
8.64043441432e-05,153.99303,344.63236,307.14812
8.65772051432e-05,154.4218,345.28803,316.70641
8.67500661432e-05,147.43301,343.15577,303.99618
8.69229271432e-05,155.11511,336.82688,310.55465
8.70957881432e-05,156.14782,340.86583,320.71811
8.72686491432e-05,160.6497,345.81964,329.63401
8.74415101432e-05,158.89032,332.20139,342.78465
8.76143711432e-05,151.15459,334.31123,336.84255
8.77872321432e-05,147.92396,333.93954,322.69034
8.79600931432e-05,150.33082,336.9971,325.08374
8.81329541432e-05,127.09957,326.70655,288.71889
8.83058151432e-05,122.12866,340.45966,300.4216
8.84786761432e-05,136.43314,337.90364,328.7372
8.86515371432e-05,142.0078,341.39854,341.12708
8.88243981432e-05,145.05338,341.34578,348.82818
8.89972591432e-05,135.5188,342.86509,339.84666
8.91701201432e-05,137.28484,343.01746,343.50394
8.93429811432e-05,147.16574,337.93151,321.70223
8.95158421432e-05,133.24961,335.6321,307.59453
8.96887031432e-05,134.77456,333.16032,283.53809
8.98615641432e-05,142.81605,344.99192,305.87731
9.00344251432e-05,142.45699,343.52364,311.31833
9.02072861432e-05,143.27548,337.8645,336.74825
9.03801471432e-05,136.10025,324.60044,323.91978
9.05530081432e-05,129.87468,317.78093,312.26609
9.07258691432e-05,137.12948,318.49389,320.0078
9.08987301432e-05,140.47141,324.83882,328.80892
9.10715911432e-05,124.17163,342.79589,329.98509
9.12444521432e-05,125.81816,338.62369,341.70058
9.14173131432e-05,122.8739,356.41207,361.41785
9.15901741432e-05,124.56395,341.18265,355.97677
9.17630351432e-05,107.33002,333.11065,351.51523
9.19358961432e-05,114.20822,336.04382,359.60765
9.21087571432e-05,113.16796,339.28692,366.1418
9.22816181432e-05,156.9787,348.22646,348.81412
9.24544791432e-05,166.88803,340.60812,383.85077
9.26273401432e-05,165.48825,341.20429,389.01387
9.28002011432e-05,169.87192,344.44714,397.91837
9.29730621432e-05,161.8919,346.27464,397.53354
9.31459231432e-05,159.44526,343.83923,380.73266
9.33187841432e-05,160.83339,347.34462,376.60313
9.34916451432e-05,166.3484,347.48188,364.82172
9.36645061432e-05,153.54567,347.80349,356.22399
9.38373671432e-05,137.75928,339.04096,327.5583
9.40102281432e-05,123.15681,339.47468,307.57276
9.41830891432e-05,127.06086,341.45349,339.06673
9.43559501432e-05,128.85536,329.96823,334.72863
9.45288111432e-05,125.16642,321.59116,342.54825
9.47016721432e-05,131.19028,326.53642,351.80332
9.48745331432e-05,118.40928,324.41304,342.68325
9.50473941432e-05,121.53115,328.25742,329.90741
9.52202551432e-05,162.985,354.15393,360.43486
9.53931161432e-05,162.51581,348.34954,367.44324
9.55659771432e-05,168.89606,343.40826,381.48627
9.57388381432e-05,168.05185,347.77437,382.42958
9.59116991432e-05,172.61611,348.17509,395.33577
9.60845601432e-05,166.07889,354.48864,375.26494
9.62574211432e-05,155.05051,347.16826,372.03895
9.64302821432e-05,142.77097,344.85622,335.57968
9.66031431432e-05,135.98392,338.63393,334.48116
9.67760041432e-05,136.29473,343.21407,320.49383
9.69488651432e-05,138.89781,342.86512,309.05497
9.71217261432e-05,142.09991,346.50864,318.65236
9.72945871432e-05,141.39764,349.70972,325.17753
9.74674481432e-05,144.09541,336.35759,324.31727
9.76403091432e-05,130.31772,334.53816,320.02598
9.78131701432e-05,134.74543,331.25915,321.26825
9.79860311432e-05,127.31619,331.1985,304.72463
9.81588921432e-05,144.75352,353.43749,398.8602
9.83317531432e-05,155.02558,348.14881,405.87485
9.85046141432e-05,146.62771,345.6383,411.55449
9.86774751432e-05,144.85193,345.6046,385.76467
9.88503361432e-05,153.71225,342.97651,346.1814
9.90231971432e-05,143.93336,328.75235,346.76924
9.91960581432e-05,153.94476,336.22909,365.86645
9.93689191432e-05,135.42369,338.78896,343.46742
9.95417801432e-05,144.59212,339.66399,355.43444
9.97146411432e-05,141.64098,346.09422,360.87687
9.98875021432e-05,147.81407,343.36429,367.4661
0.0001000603631432,144.89498,334.47211,355.56743
0.0001002332241432,150.74579,336.70452,347.20638
0.0001004060851432,156.33486,334.53292,364.98132
0.0001005789461432,161.16573,339.19351,373.04857
0.0001007518071432,156.65934,338.49905,367.49326
0.0001009246681432,146.07748,335.81441,363.88695
0.0001010975291432,121.52809,345.17329,351.59184
0.0001012703901432,128.46779,346.06551,369.86212
0.0001014432511432,128.0097,351.74507,377.72774
0.0001016161121432,127.16553,359.72338,381.51985
0.0001017889731432,119.06273,356.52969,365.12796
0.0001019618341432,120.18555,341.30541,372.85093
0.0001021346951432,120.07628,333.17862,374.51654
0.0001023075561432,109.11872,328.46454,358.73532
0.0001024804171432,112.68632,330.81876,369.92027
0.0001026532781432,116.41041,328.80527,328.76629
0.0001028261391432,103.1999,327.04488,330.53318
0.0001029990001432,115.92976,327.31242,349.94558
0.0001031718611432,105.33326,325.93939,340.62757
0.0001033447221432,89.06822699999998,317.25961,324.6804
0.0001035175831432,93.129094,321.53704,335.12202
0.0001036904441432,124.72734,348.71909,315.94521
0.0001038633051432,131.10997,343.07949,338.96541
0.0001040361661432,137.28108,330.07064,349.58475
0.0001042090271432,141.492,328.3389,357.56293
0.0001043818881432,143.32477,333.66867,366.33122
0.0001045547491432,144.41597,333.97235,374.03865
0.0001047276101432,144.09645,334.18241,375.89771
0.0001049004711432,147.07554,338.25471,376.97796
0.0001050733321432,139.7855,338.33182,359.66038
0.0001052461931432,142.60131,338.89043,351.05969
0.0001054190541432,140.79627,341.46768,353.60613
0.0001055919151432,123.96626,338.1243,327.93111
0.0001057647761432,130.02387,339.0468,339.92491
0.0001059376371432,128.10832,334.07092,317.03384
0.0001061104981432,113.86233,342.05161,314.52499
0.0001062833591432,130.16285,338.08561,302.38589
0.0001064562201432,140.77159,341.21421,335.94852
0.0001066290811432,142.48226,343.96265,344.24645
0.0001068019421432,149.1541,349.49593,358.46628
0.0001069748031432,138.23249,341.70327,332.36974
0.0001071476641432,132.21511,355.81991,371.89883
0.0001073205251432,136.36428,359.58994,380.24215
0.0001074933861432,137.35429,359.21635,377.55969
0.0001076662471432,129.07831,360.72443,363.39199
0.0001078391081432,134.66245,367.25696,379.09466
0.0001080119691432,140.80866,371.42332,388.5288
0.0001081848301432,129.77934,363.95714,378.98508
0.0001083576911432,119.20669,347.82754,383.83809
0.0001085305521432,128.19465,345.06,390.49163
0.0001087034131432,126.04918,332.44243,359.1584
0.0001088762741432,134.24797,339.20576,355.63984
0.0001090491351432,134.88916,339.03215,362.75427
0.0001092219961432,135.04331,334.8623,357.9786
0.0001093948571432,135.98055,338.62771,365.85033
0.0001095677181432,139.49488,330.44362,341.30286
0.0001097405791432,121.73848,371.59488,373.19407
0.0001099134401432,139.59799,368.22333,399.32811
0.0001100863011432,129.79386,363.17443,392.34274
0.0001102591621432,138.11253,357.5918,365.34462
0.0001104320231432,142.08002,364.36636,363.40759
0.0001106048841432,146.28892,364.99615,376.16778
0.0001107777451432,150.59044,363.52478,381.05504
0.0001109506061432,150.01227,367.22191,387.84418
0.0001111234671432,141.21614,364.80134,339.00541
0.0001112963281432,133.95607,364.83747,355.76705
0.0001114691891432,104.68118,359.76532,316.18669
0.0001116420501432,114.2585,365.08828,336.67658
0.0001118149111432,118.10008,371.97332,346.23944
0.0001119877721432,94.224201,371.34042,317.58351
0.0001121606331432,93.79873,360.67304,317.71555
0.0001123334941432,101.72766,354.26911,307.52656
0.0001125063551432,103.7433,361.94751,316.60908
0.0001126792161432,140.62644,382.64792,397.26746
0.0001128520771432,147.35715,377.23398,406.75766
0.0001130249381432,137.07512,378.2159,429.54548
0.0001131977991432,139.86076,382.21639,427.23355
0.0001133706601432,142.92092,383.80376,432.44103
0.0001135435211432,145.80675,377.026,404.20161
0.0001137163821432,151.94055,381.8703,422.1132
0.0001138892431432,153.84557,351.50598,439.08911
0.0001140621041432,166.07467,341.35026,382.30478
0.0001142349651432,155.94437,345.38863,394.36278
0.0001144078261432,150.49608,343.09737,372.80295
0.0001145806871432,153.0052,341.86462,380.57663
0.0001147535481432,160.27356,342.22079,340.31904
0.0001149264091432,155.75955,342.63195,346.72307
0.0001150992701432,152.18125,344.09019,323.71775
0.0001152721311432,157.36735,336.11019,325.23525
0.0001154449921432,161.8564,331.6977,339.39307
0.0001156178531432,163.2666,332.68069,345.38591
0.0001157907141432,165.42012,330.94696,344.76825
0.0001159635751432,120.83374,377.98604,320.75341
0.0001161364361432,135.24784,370.47656,359.29129
0.0001163092971432,134.2172,365.52957,366.72801
0.0001164821581432,128.76124,376.0192,437.54257
0.0001166550191432,131.21466,375.44203,429.51174
0.0001168278801432,132.42052,378.6199,435.4684
0.0001170007411432,132.50196,380.92841,437.70961
0.0001171736021432,137.36329,380.65686,422.58398
0.0001173464631432,132.77433,373.08788,409.65189
0.0001175193241432,137.76191,369.54358,418.76784
0.0001176921851432,135.37569,365.36171,392.01533
0.0001178650461432,126.96236,363.96533,392.58638
0.0001180379071432,132.14311,360.67846,449.85023
0.0001182107681432,139.56764,365.92752,354.74017
0.0001183836291432,138.15875,370.87023,371.80348
0.0001185564901432,135.49952,366.97442,343.04333
0.0001187293511432,137.3878,370.38566,360.17651
0.0001189022121432,140.02476,374.18894,367.20249
0.0001190750731432,126.57609,369.08861,351.11679
0.0001192479341432,123.63798,364.9313,330.8802
0.0001194207951432,128.49685,361.14355,344.93244
0.0001195936561432,128.88803,369.61663,347.33388
0.0001197665171432,125.53562,365.94155,320.92524
0.0001199393781432,109.90185,357.45744,304.37974
0.0001201122391432,119.93069,353.80919,318.27782
0.0001202851001432,113.4616,355.5998,305.88132
0.0001204579611432,111.38065,358.50668,313.00194
0.0001206308221432,112.67091,361.65691,317.05118
0.0001208036831432,115.05311,357.37993,274.20173
0.0001209765441432,123.07372,361.27227,302.25824
0.0001211494051432,122.46834,349.84488,292.81912
0.0001213222661432,123.80467,352.99024,283.00541
0.0001214951271432,112.11983,347.48441,263.86385
0.0001216679881432,136.81259,379.76107,355.34659
0.0001218408491432,146.32192,384.53361,371.60028
0.0001220137101432,148.56383,383.38603,377.698
0.0001221865711432,133.22862,379.60059,364.03194
0.0001223594321432,129.20296,378.66134,369.83568
0.0001225322931432,138.74447,379.01811,338.75907
0.0001227051541432,143.08624,368.1548,366.23065
0.0001228780151432,145.5822,365.39065,374.45419
0.0001230508761432,149.80354,354.99024,378.55414
0.0001232237371432,146.96149,355.13907,365.1256
0.0001233965981432,139.45667,365.63319,313.32077
0.0001235694591432,149.86868,361.27742,338.7855
0.0001237423201432,152.65664,364.46538,359.72032
0.0001239151811432,149.88496,349.83754,366.81588
0.0001240880421432,139.55321,356.91814,363.6787
0.0001242609031432,153.38374,363.82845,387.45467
0.0001244337641432,153.76985,405.81429,433.66003
0.0001246066251432,156.14843,404.24872,439.76929
0.0001247794861432,157.4973,407.41384,443.45794
0.0001249523471432,141.24481,407.51771,411.33637
0.0001251252081432,147.86128,405.37042,417.61426
0.0001252980691432,133.00409,395.05401,392.14546
0.0001254709301432,115.39241,388.69599,344.59438
0.0001256437911432,123.16327,388.24888,362.01821
0.0001258166521432,123.53556,394.06219,367.37099
0.0001259895131432,122.66076,396.69708,376.44695
0.0001261623741432,122.42572,395.83746,378.84274
0.0001263352351432,122.08699,391.28363,386.29177
0.0001265080961432,128.87098,369.69392,346.46103
0.0001266809571432,107.0783,369.83532,321.9328
0.0001268538181432,119.17344,373.60942,337.72276
0.0001270266791432,123.14559,359.57242,362.58144
0.0001271995401432,122.36153,358.54927,366.60645
0.0001273724011432,106.73612,331.56195,383.3479
0.0001275452621432,109.92997,333.02868,391.96959
0.0001277181231432,111.02333,336.10143,405.087
0.0001278909841432,120.67685,369.84243,376.00583
0.0001280638451432,122.03518,372.59895,381.34952
0.0001282367061432,113.91892,364.3331,322.89776
0.0001284095671432,117.71212,357.23835,336.87621
0.0001285824281432,78.06864899999998,367.06759,297.91254
0.0001287552891432,84.631631,364.82291,295.84439
0.0001289281501432,130.43276,370.8893,371.01832
0.0001291010111432,129.98677,351.49105,380.9656
0.0001292738721432,130.61262,355.3432,385.39927
0.0001294467331432,131.86578,347.97505,390.9826
0.0001296195941432,133.89332,339.36,390.77514
0.0001297924551432,133.71279,337.542,373.5472
0.0001299653161432,118.45412,338.38258,311.79775
0.0001301381771432,134.50526,333.69431,357.82701
0.0001303110381432,136.64897,336.71154,366.05463
0.0001304838991432,135.0883,324.23782,324.31247
0.0001306567601432,137.08689,327.75471,335.71144
0.0001308296211432,139.42695,362.02149,347.70055
0.0001310024821432,145.96925,362.93955,364.02456
0.0001311753431432,149.63241,367.62231,374.12141
0.0001313482041432,155.46667,374.00135,383.0734
0.0001315210651432,132.39069,363.38129,358.49209
0.0001316939261432,135.01826,362.98465,349.09551
0.0001318667871432,135.22861,365.25282,354.06155
0.0001320396481432,137.13733,361.13115,356.53739
0.0001322125091432,143.21318,364.6849,354.47004
0.0001323853701432,153.76313,372.13318,372.04354
0.0001325582311432,103.87848,348.14674,340.70075
0.0001327310921432,118.80534,338.48985,340.91624
0.0001329039531432,116.37479,338.13194,336.68482
0.0001330768141432,118.52652,327.63059,340.87083
0.0001332496751432,122.67053,318.27884,337.78206
0.0001334225361432,126.67422,320.46174,349.6649
0.0001335953971432,124.05613,318.18977,323.81208
0.0001337682581432,127.85313,320.30281,340.66182
0.0001339411191432,125.65989,322.21957,335.48287
0.0001341139801432,125.76597,336.35946,432.63636
0.0001342868411432,133.12707,326.94091,349.05164
0.0001344597021432,136.80536,321.35375,366.12517
0.0001346325631432,131.23997,322.71795,353.84175
0.0001348054241432,134.50155,325.09835,363.56264
0.0001349782851432,139.1359,324.76405,381.05157
0.0001351511461432,131.66208,321.42602,338.88491
0.0001353240071432,114.61546,315.13516,294.66385
0.0001354968681432,119.06186,317.18325,313.57828
0.0001356697291432,119.71279,321.25952,322.09939
0.0001358425901432,112.55636,321.63982,309.27343
0.0001360154511432,118.39101,326.25997,322.00224
0.0001361883121432,117.61563,325.61292,326.6888
0.0001363611731432,111.36191,305.54193,299.76423
0.0001365340341432,112.36994,301.04537,278.73559
0.0001367068951432,105.14817,303.45257,269.50836
0.0001368797561432,86.255896,302.27869,251.45486
0.0001370526171432,90.226544,296.13531,255.64863
0.0001372254781432,128.06436,342.96139,355.47837
0.0001373983391432,125.00775,335.35669,347.75845
0.0001375712001432,131.4615,333.03196,360.40579
0.0001377440611432,121.57417,341.93963,425.14689
0.0001379169221432,123.58757,338.41715,433.59863
0.0001380897831432,111.3062,334.28503,425.2842
0.0001382626441432,112.45259,322.97394,411.33373
0.0001384355051432,100.72387,320.35563,405.20933
0.0001386083661432,99.489077,313.93837,376.50283
0.0001387812271432,104.00204,319.4751,394.30182
0.0001389540881432,108.14769,321.60959,380.76157
0.0001391269491432,114.26075,325.29003,367.11737
0.0001392998101432,114.78621,337.48937,375.01636
0.0001394726711432,117.33127,339.72978,381.63786
0.0001396455321432,111.92613,341.93598,364.21971
0.0001398183931432,120.89667,320.8322,303.20983
0.0001399912541432,122.18961,321.87338,319.56932
0.0001401641151432,122.66303,321.84036,330.70344
0.0001403369761432,105.46776,317.74026,306.1953
0.0001405098371432,148.50973,338.01757,431.10623
0.0001406826981432,133.85643,329.69162,420.44936
0.0001408555591432,141.27365,331.96659,437.76925
0.0001410284201432,130.64435,333.41624,420.99223
0.0001412012811432,134.49866,335.13819,427.17866
0.0001413741421432,123.1792,332.72937,428.86766
0.0001415470031432,130.36173,337.86541,416.22291
0.0001417198641432,131.9311,338.43546,406.10083
0.0001418927251432,138.83901,373.81243,449.2942
0.0001420655861432,122.39602,364.15319,410.17356
0.0001422384471432,133.08314,352.03687,386.01527
0.0001424113081432,137.27754,335.67983,337.47226
0.0001425841691432,137.21714,332.34972,347.28764
0.0001427570301432,139.92137,330.4712,358.31906
0.0001429298911432,145.43257,338.0543,375.70294
0.0001431027521432,148.88388,341.82897,384.52918
0.0001432756131432,145.19706,352.3549,432.81452
0.0001434484741432,139.31719,353.51921,412.93307
0.0001436213351432,143.70408,357.68024,419.11325
0.0001437941961432,130.36526,346.59535,398.69975
0.0001439670571432,132.10816,341.25508,380.35651
0.0001441399181432,116.35859,348.85303,363.87877
0.0001443127791432,120.85264,329.17435,354.22618
0.0001444856401432,125.22675,321.84589,357.87587
0.0001446585011432,126.13454,305.56835,357.35534
0.0001448313621432,131.03156,308.95442,367.00442
0.0001450042231432,128.30182,309.14499,369.34155
0.0001451770841432,112.28544,308.81824,361.99349
0.0001453499451432,119.78251,314.58606,372.5094
0.0001455228061432,117.54482,315.97957,378.65468
0.0001456956671432,125.02309,308.78673,352.16654
0.0001458685281432,132.83574,295.76477,370.57773
0.0001460413891432,136.45063,300.27553,380.06527
0.0001462142501432,124.21446,328.78168,359.37329
0.0001463871111432,140.81619,324.65531,398.74305
0.0001465599721432,149.06494,326.33894,413.79542
0.0001467328331432,148.31547,358.34598,435.35071
0.0001469056941432,147.65074,360.32615,363.91824
0.0001470785551432,157.45823,358.7379,374.8617
0.0001472514161432,161.1583,358.95179,390.52967
0.0001474242771432,149.94531,352.20582,385.94706
0.0001475971381432,154.62835,356.41315,398.38067
0.0001477699991432,131.09141,376.59799,356.52941
0.0001479428601432,142.50072,377.73024,385.83454
0.0001481157211432,144.01068,358.1187,396.62043
0.0001482885821432,139.22184,359.74391,402.07421
0.0001484614431432,141.69089,360.93636,407.31542
0.0001486343041432,145.61772,363.31946,415.38695
0.0001488071651432,150.11033,363.93042,422.86287
0.0001489800261432,129.80872,358.87138,398.82165
0.0001491528871432,131.23582,359.92505,419.21632
0.0001493257481432,134.11362,364.61436,411.44642
0.0001494986091432,120.51913,363.75922,398.50445
0.0001496714701432,127.11779,368.6592,410.88517
0.0001498443311432,124.72632,352.38477,424.30928
0.0001500171921432,120.06639,355.20622,426.59332
0.0001501900531432,118.4284,350.82813,381.7388
0.0001503629141432,119.7967,348.36355,389.51894
0.0001505357751432,122.90213,349.31402,395.93557
0.0001507086361432,107.45089,332.18185,329.7858
0.0001508814971432,75.458833,297.29418,274.27194
0.0001510543581432,84.863515,300.1058,291.26491
0.0001512272191432,79.90340999999998,281.94914,263.08003
0.0001514000801432,74.168935,280.62744,311.59542
0.0001515729411432,135.52514,350.86452,433.93208
0.0001517458021432,136.63926,338.17427,448.84865
0.0001519186631432,139.78918,335.50853,445.23149
0.0001520915241432,143.30406,333.74797,452.85358
0.0001522643851432,143.31938,346.99641,446.65364
0.0001524372461432,146.7971,346.34276,437.99766
0.0001526101071432,143.7529,345.92553,434.43268
0.0001527829681432,145.58839,347.08624,443.76067
0.0001529558291432,132.40703,377.41468,347.58287
0.0001531286901432,136.49703,367.24153,373.587
0.0001533015511432,140.90834,362.09725,390.67799
0.0001534744121432,147.31856,362.73606,371.65871
0.0001536472731432,138.17064,357.80212,361.01777
0.0001538201341432,138.02978,355.74544,360.08124
0.0001539929951432,119.37656,343.06762,358.8515
0.0001541658561432,107.18085,338.39998,344.92365
0.0001543387171432,112.52064,341.9112,355.71074
0.0001545115781432,114.86372,346.40683,363.35854
0.0001546844391432,120.41471,337.49131,376.16186
0.0001548573001432,118.70934,334.58785,384.2203
0.0001550301611432,120.11381,335.84805,376.46918
0.0001552030221432,106.81261,329.90202,353.77911
0.0001553758831432,120.05825,351.60805,329.34161
0.0001555487441432,128.96871,349.71722,348.67726
0.0001557216051432,131.71886,343.13774,357.98318
0.0001558944661432,134.98469,353.2252,356.70619
0.0001560673271432,133.95212,348.79983,362.30486
0.0001562401881432,136.41891,356.55628,371.58153
0.0001564130491432,141.1771,348.56958,388.39244
0.0001565859101432,154.35896,354.90784,403.06732
0.0001567587711432,123.52214,342.99933,327.12813
0.0001569316321432,129.19373,336.66393,343.07757
0.0001571044931432,135.96771,325.96085,339.4339
0.0001572773541432,110.20226,314.35813,322.80945
0.0001574502151432,119.55763,316.07049,311.3488
0.0001576230761432,122.39165,309.81515,316.1177
0.0001577959371432,124.20738,313.14875,322.27988
0.0001579687981432,117.93884,308.24307,318.75279
0.0001581416591432,129.54608,336.80697,336.55224
0.0001583145201432,134.53654,331.70541,304.38005
0.0001584873811432,133.96176,334.28559,319.31833
0.0001586602421432,137.87394,335.71061,298.90117
0.0001588331031432,118.62342,332.9528,288.29477
0.0001590059641432,123.35761,330.87284,286.93013
0.0001591788251432,126.62019,334.78124,302.32485
0.0001593516861432,117.58183,338.27367,325.8334
0.0001595245471432,129.24811,331.00124,339.796
0.0001596974081432,126.84496,320.7041,329.57389
0.0001598702691432,124.50145,308.10406,316.36301
0.0001600431301432,129.4588,312.34811,331.24923
0.0001602159911432,131.66137,315.03342,335.16701
0.0001603888521432,127.71212,316.87351,327.92394
0.0001605617131432,116.15834,315.89512,325.59384
0.0001607345741432,122.62107,310.97203,335.5389
0.0001609074351432,126.24153,313.31986,333.24557
0.0001610802961432,130.12089,318.25904,341.84822
0.0001612531571432,122.69168,340.67338,444.04875
0.0001614260181432,123.5178,333.39843,425.28157
0.0001615988791432,130.74839,331.47418,433.09659
0.0001617717401432,94.176315,324.96193,394.53818
0.0001619446011432,101.29998,321.12303,403.94861
0.0001621174621432,140.02309,317.80854,383.3753
0.0001622903231432,139.77128,312.18237,354.58508
0.0001624631841432,139.5304,308.58454,334.60891
0.0001626360451432,141.24378,306.82534,349.06889
0.0001628089061432,149.61293,307.80668,313.36928
0.0001629817671432,155.46646,307.85853,331.10433
0.0001631546281432,158.82343,311.7364,341.15413
0.0001633274891432,149.97542,311.04377,325.55944
0.0001635003501432,131.52152,308.34611,310.74606
0.0001636732111432,145.75993,314.58685,331.20113
0.0001638460721432,136.22826,308.12605,302.64333
0.0001640189331432,117.3557,304.16095,293.09547
0.0001641917941432,127.2653,308.74322,306.04119
0.0001643646551432,130.43183,313.71868,311.95019
0.0001645375161432,130.37148,316.89291,314.21103
0.0001647103771432,110.12029,305.93704,305.25188
0.0001648832381432,109.14567,302.97061,303.6218
0.0001650560991432,147.82472,331.08928,416.49819
0.0001652289601432,152.96553,325.8254,432.04989
0.0001654018211432,162.77097,323.47007,387.51658
0.0001655746821432,150.06398,307.52614,380.02958
0.0001657475431432,131.97191,303.78764,361.53515
0.0001659204041432,137.7951,306.15234,365.64491
0.0001660932651432,133.09433,306.89855,342.4035
0.0001662661261432,121.43417,294.09466,333.75002
0.0001664389871432,132.21566,300.46231,348.55822
0.0001666118481432,119.66076,308.71064,269.66643
0.0001667847091432,125.23846,331.82862,326.6974
0.0001669575701432,125.23148,335.76938,332.34862
0.0001671304311432,128.10782,341.73277,339.71624
0.0001673032921432,121.40093,340.0854,330.32045
0.0001674761531432,124.43117,344.24884,341.16962
0.0001676490141432,126.75988,344.16234,346.35513
0.0001678218751432,102.41477,329.92506,318.53995
0.0001679947361432,112.00923,330.68516,340.04589
0.0001681675971432,116.94233,337.04034,351.27599
0.0001683404581432,119.49869,337.65095,363.98328
0.0001685133191432,106.47386,318.93451,353.03028
0.0001686861801432,112.29573,310.02081,362.57953
0.0001688590411432,115.12131,317.16592,370.70169
0.0001690319021432,106.69169,313.83961,340.62825
0.0001692047631432,110.37207,317.76185,352.90444
0.0001693776241432,112.67948,323.45821,359.29386
0.0001695504851432,122.39387,305.76412,370.39527
0.0001697233461432,127.12101,310.5317,392.07567
0.0001698962071432,130.30286,313.50716,394.56034
0.0001700690681432,132.25506,303.58137,359.52727
0.0001702419291432,134.93674,303.77642,369.42225
0.0001704147901432,137.2141,293.78862,377.08316
0.0001705876511432,140.00602,298.26035,389.70253
0.0001707605121432,125.20831,294.58579,376.05689
0.0001709333731432,125.13292,318.64279,343.29981
0.0001711062341432,133.99498,304.44086,381.8337
0.0001712790951432,126.03818,293.82277,358.65625
0.0001714519561432,120.60531,293.99741,348.50687
0.0001716248171432,127.46326,300.53322,361.51825
0.0001717976781432,118.52568,294.96964,329.94271
0.0001719705391432,127.77097,295.1996,345.9275
0.0001721434001432,130.41114,302.61976,365.62197
0.0001723162611432,132.93356,305.20352,382.62111
0.0001724891221432,110.96719,300.14957,352.85157
0.0001726619831432,117.01972,303.08732,365.78095
0.0001728348441432,121.98325,300.53205,372.65655
0.0001730077051432,147.37738,345.05744,358.40069
